Toy Story,189,1
Toy Story,127,3
Toy Story,28,2
Jumanji,304,2
Jumanji,1,5
Father of the Bride Part II,19,4
Heat,232,2
Heat,242,5
Heat,102,4
Heat,23,3
GoldenEye,23,3
GoldenEye,190,4
GoldenEye,214,2
GoldenEye,432,1
GoldenEye,1,1
The American President,134,2
The American President,123,4
The American President,222,3
Dracula: Dead and Loving It,90,4
Dracula: Dead and Loving It,45,5
Dracula: Dead and Loving It,3,3
Dracula: Dead and Loving It,265,2
Dracula: Dead and Loving It,312,2
Balto,321,4
Balto,187,5
Balto,12,3
Balto,13,4
Cutthroat Island,83,2