GoldenEye,23,3
Heat,232,2
Dracula: Dead and Loving It,90,4
Heat,242,5
GoldenEye,190,4
Toy Story,189,1
Heat,102,4
The American President,134,2
Balto,321,4
Dracula: Dead and Loving It,45,5
GoldenEye,214,2
Father of the Bride Part II,19,4
Dracula: Dead and Loving It,3,3
Heat,23,3
Jumanji,304,2
GoldenEye,432,1
Cutthroat Island,83,2
Balto,187,5
Toy Story,127,3
Dracula: Dead and Loving It,265,2
The American President,123,4
Balto,12,3
Jumanji,1,5
The American President,222,3
Toy Story,28,2
Balto,13,4
GoldenEye,1,1
Dracula: Dead and Loving It,312,2