24jvD83UgLmrdGjhWTFslY,Lana Del Rey,Video Games,127,5
24jvD83UgLmrdGjhWTFslY,Lana Del Rey,Video Games,66,3
6HSXNV0b4M4cLJ7ljgVVeh,Bob Dylan,Knockin' On Heaven's Door,51,5
6HSXNV0b4M4cLJ7ljgVVeh,Bob Dylan,Knockin' On Heaven's Door,89,3
6HSXNV0b4M4cLJ7ljgVVeh,Bob Dylan,Knockin' On Heaven's Door,91,4
6HSXNV0b4M4cLJ7ljgVVeh,Bob Dylan,Knockin' On Heaven's Door,163,2
6HSXNV0b4M4cLJ7ljgVVeh,Bob Dylan,Knockin' On Heaven's Door,219,1
6HSXNV0b4M4cLJ7ljgVVeh,Bob Dylan,Knockin' On Heaven's Door,146,5
6HSXNV0b4M4cLJ7ljgVVeh,Bob Dylan,Knockin' On Heaven's Door,28,1
6HSXNV0b4M4cLJ7ljgVVeh,Bob Dylan,Knockin' On Heaven's Door,41,4
6HSXNV0b4M4cLJ7ljgVVeh,Bob Dylan,Knockin' On Heaven's Door,66,4
1mea3bSkSGXuIRvnydlB5b,Coldplay,Viva La Vida,232,4
1mea3bSkSGXuIRvnydlB5b,Coldplay,Viva La Vida,91,3
1mea3bSkSGXuIRvnydlB5b,Coldplay,Viva La Vida,249,4
1mea3bSkSGXuIRvnydlB5b,Coldplay,Viva La Vida,171,2
1mea3bSkSGXuIRvnydlB5b,Coldplay,Viva La Vida,181,4
1mea3bSkSGXuIRvnydlB5b,Coldplay,Viva La Vida,165,5
1mea3bSkSGXuIRvnydlB5b,Coldplay,Viva La Vida,244,2
1mea3bSkSGXuIRvnydlB5b,Coldplay,Viva La Vida,219,4
1mea3bSkSGXuIRvnydlB5b,Coldplay,Viva La Vida,213,5
1mea3bSkSGXuIRvnydlB5b,Coldplay,Viva La Vida,164,4
1mea3bSkSGXuIRvnydlB5b,Coldplay,Viva La Vida,209,4
1mea3bSkSGXuIRvnydlB5b,Coldplay,Viva La Vida,158,4
1mea3bSkSGXuIRvnydlB5b,Coldplay,Viva La Vida,259,4
1mea3bSkSGXuIRvnydlB5b,Coldplay,Viva La Vida,185,5
1mea3bSkSGXuIRvnydlB5b,Coldplay,Viva La Vida,41,5
1mea3bSkSGXuIRvnydlB5b,Coldplay,Viva La Vida,215,5
1mea3bSkSGXuIRvnydlB5b,Coldplay,Viva La Vida,66,3